{
  "schema_version": "1.0",
  "map_name": "Arbitrary indoor laboratory map",
  "map_path": "examples/maps/indoor_lab.yaml",
  "boundary_policy": "any_overlap",
  "cell_width_m": 0.9237604307034012,
  "cell_count": 109,
  "node_count": 4,
  "conflict_cell_count": 19,
  "clustering_iterations": 1,
  "clustering_converged": true,
  "clustering_profile": "official_minibatch",
  "path_planning_profile": "approx_metric_tsp",
  "random_seed": 0,
  "auction_bias": 0.5,
  "node_metrics": [
    {
      "node_id": "node-04",
      "cell_count": 23,
      "distance_m": 33.886029538283495
    },
    {
      "node_id": "node-03",
      "cell_count": 38,
      "distance_m": 43.26578775127645
    },
    {
      "node_id": "node-02",
      "cell_count": 19,
      "distance_m": 30.277443776496913
    },
    {
      "node_id": "node-01",
      "cell_count": 29,
      "distance_m": 39.75428525985544
    }
  ],
  "cell_count_range": 19,
  "cell_count_cv": 0.2625520737844805,
  "distance_range_m": 12.988343974779536,
  "distance_cv": 0.13694669417982036,
  "makespan_distance_m": 43.26578775127645,
  "total_distance_m": 147.1835463259123,
  "timings": {
    "discretization_s": 0.014705399982631207,
    "clustering_s": 0.40853730001254007,
    "auction_s": 0.00010189999011345208,
    "path_planning_s": 0.03512109999428503,
    "total_s": 0.45846749999327585
  }
}
