{
  "map": "Arbitrary indoor laboratory map",
  "deterministic_lloyd": {
    "profile": "deterministic_lloyd",
    "random_seed": null,
    "node_cell_counts": [
      26,
      28,
      28,
      27
    ],
    "node_distances_m": [
      28.114416031055313,
      28.376838998357055,
      35.031599995765845,
      30.835335757100673
    ],
    "conflict_cells": 15,
    "cell_count_range": 2,
    "makespan_distance_m": 35.031599995765845,
    "total_distance_m": 122.35819078227888,
    "runtime_s": 0.027401500003179535
  },
  "official_minibatch": {
    "profile": "official_minibatch",
    "random_seed": 0,
    "node_cell_counts": [
      23,
      38,
      19,
      29
    ],
    "node_distances_m": [
      34.21638690651277,
      47.77217095528979,
      28.015027278508732,
      35.71402993753951
    ],
    "conflict_cells": 19,
    "cell_count_range": 19,
    "makespan_distance_m": 47.77217095528979,
    "total_distance_m": 145.71761507785078,
    "runtime_s": 0.04703970000264235
  },
  "difference": {
    "conflict_cells": 4,
    "makespan_distance_m": 12.740570959523943,
    "total_distance_m": 23.3594242955719
  }
}
